Well,count,mean,std,min,25%,50%,75%,max,95% CI lower,95% CI upper,IQR,Treatment
B02,1547.0,0.4595825187311122,0.14240352630141725,0.028763320681244247,0.418594627181911,0.5135416598821535,0.5449450407787656,0.9460194227368817,0.45248622377993736,0.4666788136822871,0.12635041359685462,Neutral Control
B03,550.0,0.5664044629482536,0.1207406845023673,0.018596116609704984,0.5381622569914932,0.5631759599486322,0.6076618500832351,0.958122689447339,0.5563135987800184,0.5764953271164889,0.06949959309174192,Stimulator Control
B04,1103.0,0.48596341640850826,0.1167865331349955,0.0281308994525986,0.46659567567797366,0.5236166427178304,0.5469196759616467,0.9146663673455684,0.479071165464876,0.49285566735214054,0.08032400028367304,Treated
B05,1401.0,0.4627913801776141,0.13785428845016054,0.022638320205036627,0.4257122179880363,0.5208876719853024,0.546898061919102,0.9024991436944267,0.4555727085809107,0.47001005177431754,0.12118584393106563,Negative Control
B06,1445.0,0.44795091585435715,0.13383401049572816,0.039762213171535186,0.39455663092835713,0.5031672731822544,0.534618894307459,0.7836636487804262,0.4410502874716167,0.4548515442370976,0.14006226337910188,Treated
B07,1410.0,0.47216790091097344,0.12895007335713016,0.027601510992345334,0.4489822418681221,0.5200378446694767,0.5450404389074605,0.8487088258436895,0.46543707886458036,0.4788987229573665,0.09605819703933838,Negative Control
B08,1478.0,0.4663970310439022,0.13022498959367332,0.03543357045448209,0.4308181222849037,0.5195269154191724,0.5426632217475857,0.8826767253725746,0.4597578702687964,0.47303619181900797,0.11184509946268206,Treated
B09,1251.0,0.4733746712986947,0.12425054936322259,0.047566892520222885,0.4446000949160291,0.5204539689192014,0.5443131453917014,0.8589678532176775,0.4664893258542274,0.480260016743162,0.0997130504756723,Negative Control
B10,1448.0,0.46222973109494675,0.12932683757070385,0.021572491217025144,0.422375330566543,0.5096730282518138,0.539607392654853,0.9393853013615865,0.4555684087742568,0.4688910534156367,0.11723206208831005,Treated
B11,1391.0,0.4712338374443857,0.12757223037412407,0.02475846210272553,0.4377130792007522,0.5224371203005064,0.5446675485721375,0.8736978340835716,0.46452961130774756,0.4779380635810238,0.10695446937138531,Negative Control
B12,1306.0,0.4639350633611377,0.13272918276194118,0.03315158314131666,0.41271756674549775,0.5183555661610284,0.546366018391036,0.8250552316198455,0.45673641593569714,0.4711337107865783,0.1336484516455383,Treated
B13,1312.0,0.45845161350303143,0.1333728885282067,0.03761404054659715,0.41521307267484564,0.509458495760142,0.5393841352240977,0.8425053858364069,0.4512346134106131,0.46566861359544975,0.12417106254925203,Negative Control
B14,676.0,0.4388105683327286,0.1597679386313019,0.027973002097167125,0.3479144609418514,0.5078850630452015,0.5432943914777837,0.8898346363511429,0.42676652372821505,0.4508546129372421,0.19537993053593228,Treated
B15,1317.0,0.4762908223472125,0.12150436765904887,0.012918977867629062,0.45449815498164126,0.5194216967541345,0.5413329601505892,0.8896693307245688,0.4697285375648173,0.48285310712960766,0.08683480516894793,Negative Control
B16,1240.0,0.47172040242364416,0.12326645912635842,0.030330631004917168,0.4345028819237857,0.520960638074587,0.5448558057438095,0.7371216880289362,0.4648593592894425,0.4785814455578458,0.11035292382002382,Treated
B17,1348.0,0.4762395320598697,0.12422179361387364,0.040368935408298535,0.43970874204770183,0.5235902657209969,0.5470660083136981,0.8655709634445241,0.46960807562476,0.4828709884949794,0.10735726626599629,Negative Control
B18,755.0,0.4635023348710145,0.15346548524796913,0.014701892152106658,0.40516074567519744,0.517634089885048,0.5471304790006988,0.9043708877327019,0.4525553803837836,0.4744492893582454,0.14196973332550133,Treated
B19,1380.0,0.4687475095436077,0.13752095320341515,0.0265022042796361,0.43631336852679514,0.520937871749437,0.5496659174884448,0.9032026261547209,0.46149170789247407,0.4760033111947414,0.1133525489616497,Negative Control
B20,1457.0,0.46252696901635465,0.13599821584806543,0.028022368943306283,0.42892662277793203,0.5168367691478069,0.5424330481556053,0.9158426421080116,0.4555436882021654,0.4695102498305439,0.1135064253776733,Treated
B21,1413.0,0.4647372972720168,0.12952368097595804,0.035333167801369775,0.43771191934634046,0.5188990162715208,0.5420277279270922,0.7916680187475367,0.45798371540571126,0.4714908791383223,0.10431580858075173,Negative Control
B22,1422.0,0.4698854010523087,0.13051074590820105,0.0245915954069516,0.4420210871378744,0.5213555360134122,0.5437948379607518,0.9184690442488506,0.4631019211137042,0.4766688809909132,0.10177375082287737,Neutral Control
B23,800.0,0.5538593121314185,0.10332037037835146,0.040418242591566025,0.5313407815099287,0.556116153965885,0.5872767557520855,0.9100450977805425,0.5466995757475531,0.5610190485152838,0.055935974242156794,Stimulator Control
C02,1455.0,0.45753644273415534,0.14027151194606036,0.024695068702467543,0.4104672334277576,0.5134725779474288,0.5419435113096437,0.9351021446776565,0.4503287867015537,0.464744098766757,0.1314762778818861,Treated
C03,1238.0,0.4750677178237642,0.12925315129869117,0.023222114474741363,0.43291566948864046,0.5234245625453702,0.5531426991355148,0.8467266917938427,0.46786764499459904,0.4822677906529294,0.12022702964687437,Negative Control
C04,1428.0,0.4605252209675684,0.1387800479240202,0.031611192053742125,0.4207735576003769,0.513790646485444,0.5466501452465531,0.9097509015666297,0.4533271023224544,0.4677233396126825,0.1258765876461762,Negative Control
C05,1351.0,0.473543159408592,0.13548252498129384,0.034555929521304776,0.4403792574395751,0.5220930854893266,0.5491504620773555,0.930199208744558,0.4663185948076486,0.4807677240095354,0.1087712046377804,Negative Control
C06,1361.0,0.4600757659338401,0.13432705432716377,0.021073347068462464,0.42107187280308356,0.512570774499864,0.5403580887623441,0.8837946843886865,0.45293917999534894,0.46721235187233123,0.11928621595926059,Negative Control
C07,1352.0,0.488957311798406,0.11478557760651459,0.03752228052285162,0.46575382124746584,0.5274469935501663,0.5508481790229268,0.8986328093117691,0.4828386697136505,0.4950759538831615,0.08509435777546098,Negative Control
C08,1260.0,0.4937405324519825,0.11485609029818496,0.044017956005843795,0.48797045027175395,0.5318399658697077,0.5497680350763412,0.8433077318895419,0.4873985530433789,0.500082511860586,0.06179758480458725,Negative Control
C09,1305.0,0.47749251909437707,0.12761150889067083,0.015911298730648026,0.44482042575879094,0.5251064335486897,0.5480829150607898,0.8592483890322757,0.4705687805537958,0.4844162576349583,0.10326248930199883,Negative Control
C10,1345.0,0.48238643582750207,0.11791829160074292,0.04592220773698681,0.4611872996278772,0.5230132931450489,0.5466996450913079,0.93967089656933,0.47608446907397195,0.4886884025810322,0.08551234546343067,Negative Control
C11,1246.0,0.4802446251356425,0.12550931826026065,0.02400591005827804,0.4533162678561239,0.5264504586674371,0.5465988419551953,0.8430586233580518,0.473275584115893,0.48721366615539197,0.09328257409907137,Negative Control
C12,1414.0,0.4704417455219205,0.11862469014797787,0.0391282684329483,0.4483536428876402,0.5185117636611527,0.5369480626633242,0.8452209433688787,0.4642586428564665,0.47662484818737444,0.088594419775684,Neutral Control
C13,632.0,0.5554994702227495,0.1132115148268248,0.052456352001968964,0.5270223582737539,0.5555408695343886,0.6000843774138946,0.9189447050826006,0.5466729781859907,0.5643259622595083,0.07306201914014077,Stimulator Control
C14,1484.0,0.4650407847111341,0.12174119253914353,0.054175112178892884,0.4220985449360995,0.5124961147405873,0.5403899955999674,0.8181058720149784,0.4588467066747107,0.47123486274755744,0.11829145066386787,Negative Control
C15,1326.0,0.4750520351245343,0.12608426723321892,0.04102160135470158,0.44334849014545696,0.5196233750307032,0.5436707177186091,0.8588393170847509,0.46826554520864416,0.48183852504042446,0.10032222757315212,Negative Control
C16,1308.0,0.4710676415330686,0.12971912857083198,0.020617429378635733,0.4370553141739345,0.5199289053787706,0.5449712742576414,0.9573997909244775,0.46403762701569945,0.4780976560504378,0.10791596008370685,Negative Control
C17,1283.0,0.4864925905620684,0.11586486297638124,0.04265764364289134,0.4673098339556673,0.5267447798388876,0.547928635930204,0.8629776383553308,0.4801525141003184,0.4928326670238184,0.08061880197453675,Negative Control
C18,1366.0,0.467965847691667,0.13084681871345077,0.030891183115585915,0.4237721498401229,0.523999856932534,0.5491441526387543,0.8258987375927744,0.4610268955881477,0.4749047997951863,0.12537200279863137,Negative Control
C19,1406.0,0.4749169037019161,0.12752991541793693,0.04543078532825583,0.4456460594249696,0.5241528912405622,0.5507440676895274,0.8618040714067999,0.4682507475491872,0.48158305985464495,0.10509800826455784,Negative Control
C20,1434.0,0.47122561721432765,0.1360460269663826,0.018903052905466827,0.4349290594884031,0.524332115339998,0.5503234435753784,0.8004490878439914,0.46418408194291977,0.47826715248573554,0.11539438408697533,Negative Control
C21,1343.0,0.4782204899195859,0.12129319724085177,0.04270448925315234,0.45689983566319037,0.5229465775044225,0.5454325247387346,0.9152055490852168,0.4717333314206243,0.48470764841854747,0.08853268907554424,Negative Control
C22,1235.0,0.48272922574970634,0.11958160090619659,0.04913080271463803,0.45782646533694915,0.5266633809757965,0.5487455353851051,0.8599150369369002,0.4760598228221209,0.4893986286772918,0.09091907004815591,Negative Control
C23,1536.0,0.47828931310897144,0.1261378709038522,0.029004664252331464,0.44905205216747957,0.5260124876229091,0.550069959101674,0.8986199599081852,0.4719811057644634,0.4845975204534795,0.10101790693419443,Negative Control
D02,1493.0,0.46365126567897674,0.13507926409075194,0.023944706486602668,0.4230811905384481,0.5144429941547017,0.5457809529280298,0.9183514600515804,0.45679930513567835,0.47050322622227514,0.12269976238958163,Negative Control
D03,1308.0,0.47346735103966686,0.13248874331932958,0.035319195242583916,0.437856285825556,0.5204274457184883,0.548607782300246,0.8456895072399339,0.4662872396776459,0.4806474624016878,0.11075149647468996,Negative Control
D04,1287.0,0.46770560895172575,0.13077384722851998,0.03624567193775479,0.4287014570775125,0.5167509558114098,0.5461720041166291,0.82131680915426,0.46056084807402686,0.47485036982942463,0.11747054703911664,Negative Control
D05,1397.0,0.46575227921117296,0.12952314788357663,0.040011788640787596,0.43473654687695845,0.5143318711923692,0.5415333529200164,0.8493946864806254,0.4589601606360358,0.47254439778631013,0.10679680604305791,Negative Control
D06,1373.0,0.4708082638380204,0.1334422596547573,0.039924582191468695,0.4299958296116732,0.5237059236828676,0.5498144183139612,0.882771585604178,0.4637497350509496,0.4778667926250912,0.11981858870228795,Negative Control
D07,1397.0,0.4575410806397799,0.13787772635138104,0.020651937822372037,0.4166603376565574,0.5151951690376868,0.5444295662873598,0.764474676618332,0.45031085282682815,0.4647713084527316,0.12776922863080242,Negative Control
D08,1447.0,0.4613418769839679,0.13189013125555765,0.030300270311239615,0.4218273008327006,0.5137751303053005,0.5414614908554921,0.8667791358119195,0.4545461784264763,0.46813757554145946,0.11963419002279152,Negative Control
D09,1471.0,0.46366111258997933,0.12729568617677608,0.011661675143428321,0.4238420784308428,0.5148325293419517,0.540279917922805,0.836578259572962,0.4571558711270365,0.4701663540529222,0.11643783949196224,Negative Control
D10,1315.0,0.47398243795434086,0.12512052373450389,0.051191023814059086,0.4462313929299879,0.5214175621676553,0.5449382426709803,0.8167616312469389,0.46721971262807865,0.48074516328060307,0.09870684974099242,Negative Control
D11,1469.0,0.45730273217978756,0.13676582831276002,0.027502130174130415,0.41195659307372284,0.5182041822148181,0.5416937529689132,0.8889706420427297,0.450308778147954,0.4642966862116211,0.12973715989519036,Negative Control
D12,1395.0,0.47199957623587585,0.12639791558581984,0.015491551960250182,0.44999497899979546,0.520395951052728,0.5457282630040181,0.8443030023016558,0.4653665933056834,0.4786325591660683,0.09573328400422265,Negative Control
D13,1254.0,0.4873162152849614,0.11865964668834784,0.058161836770836875,0.4623030150243058,0.5293496804738316,0.551942041866215,0.8811485987696074,0.4807485599395389,0.49388387063038386,0.08963902684190916,Negative Control
D14,1432.0,0.4663908313831755,0.1283029278302838,0.032863681163106874,0.43123819597688257,0.5177980070012723,0.5417538679433624,0.7838413778006152,0.4597454313496609,0.4730362314166901,0.11051567196647988,Negative Control
D15,1426.0,0.46288415326290167,0.12925034148700387,0.024766800362110247,0.4268566574186554,0.5151043983309893,0.5402305621459076,0.9028136027246875,0.4561756133528581,0.4695926931729452,0.11337390472725217,Negative Control
D16,1348.0,0.46399044013988144,0.13275929506118414,0.02148565922502039,0.4265342061294565,0.5148529748960338,0.5423945822171679,0.9437032181294434,0.45690321771343123,0.47107766256633166,0.11586037608771138,Treated
D17,1412.0,0.462287145060612,0.1290290812763546,0.033646365434211095,0.41770245715757925,0.5150807462101423,0.5416864651757118,0.7879837047482751,0.45555697051065175,0.4690173196105723,0.12398400801813259,Negative Control
D18,685.0,0.5308234762819783,0.09080889432555021,0.17318544010843698,0.49859742147595754,0.5435459030851143,0.5843891713136607,0.7818004380574818,0.5240230024559793,0.5376239501079774,0.08579174983770321,Treated
D19,1557.0,0.4552614325360042,0.13659485242605005,0.026283821221515086,0.4069982747804284,0.5079104189939274,0.543292147332643,0.8023693346660681,0.4484764911791315,0.4620463738928769,0.1362938725522146,Negative Control
D20,1351.0,0.4758410361977736,0.12984677635335462,0.022220727205674074,0.4506338045877308,0.5253072037150703,0.5495576846789745,0.8715560151527011,0.46891699618509614,0.4827650762104511,0.0989238800912437,Treated
D21,1233.0,0.4747817845636407,0.12594611907086195,0.0405342306561592,0.4503265941262903,0.5199900360992679,0.5426033993655607,0.8950690736614648,0.46775171985283137,0.48181184927445,0.0922768052392704,Negative Control
D22,1253.0,0.4811767327555245,0.1287681207206282,0.018391075681726203,0.46265192183292286,0.5263908201573924,0.5500141074609513,0.8708235451007686,0.47404674320474727,0.4883067223063018,0.08736218562802839,Treated
D23,1611.0,0.47412818471576584,0.1337934223727824,0.041365516480123134,0.4520488565802385,0.5219982684134248,0.5482800627747675,0.946903590302424,0.46759472731046026,0.48066164212107143,0.09623120619452896,Negative Control
E02,1310.0,0.46668302765824904,0.14015470667066848,0.030750347847793257,0.42958102770501977,0.5208377257126511,0.552622460712369,0.8178991513183905,0.45909326648235377,0.4742727888341443,0.12304143300734921,Treated
E03,1250.0,0.48280017092972666,0.1225112524676081,0.06012534033448405,0.45628596600158045,0.5299103562977125,0.5527475793208922,0.8160462028578308,0.47600849359823283,0.4895918482612205,0.0964616133193118,Negative Control
E04,1305.0,0.47717282407249045,0.12316628468782068,0.03442579307561702,0.4507469081184178,0.5230315131737404,0.5487061843446602,0.8589957543977514,0.47049026730620486,0.48385538083877605,0.09795927622624245,Treated
E05,1247.0,0.48474235262782267,0.12086269987823901,0.009749193847205403,0.4555286984830152,0.5279180456258843,0.5510793617560709,0.8729780894071428,0.47803401154408076,0.4914506937115646,0.09555066327305567,Negative Control
E06,1283.0,0.4875144650990098,0.1167776155160776,0.032672738693728894,0.4699007688773563,0.5272727927835731,0.548705175394211,0.8754147076538149,0.48112444320303865,0.49390448699498096,0.07880440651685472,Treated
E07,1235.0,0.4801984476678046,0.11630430153304931,0.06138306748339201,0.4489416121802915,0.5199048584821121,0.5443543128303544,0.9275567636658847,0.4737118289634458,0.4866850663721634,0.09541270065006291,Neutral Control
E08,646.0,0.5595080614585906,0.10734367124299211,0.14415094251782787,0.5265943927962317,0.5559218296042019,0.612388143144561,0.9400143668102622,0.5512302361540756,0.5677858867631055,0.08579375034832937,Stimulator Control
E09,1398.0,0.4735863018094491,0.12579778868208158,0.030587835889571834,0.4452729127404038,0.5181442596046957,0.5455756467367225,0.8599963146215683,0.46699189868438434,0.48018070493451387,0.10030273399631873,Negative Control
E10,782.0,0.5275689260597132,0.1125809145977079,0.07335839451019475,0.5101117034455308,0.552485125320404,0.5771248032808955,0.9334505896436648,0.5196781908976341,0.5354596612217922,0.06701309983536474,Treated
E11,1373.0,0.48172029011669715,0.12818573373579084,0.03922865703644559,0.4466526680493587,0.5246610562165042,0.5509612630538856,0.899840584718654,0.4749398092255103,0.48850077100788397,0.10430859500452688,Negative Control
E12,1423.0,0.4763075237897577,0.1250753910017429,0.04357994210124663,0.4499465464790341,0.5241335364527875,0.5462871909970822,0.8738095693651996,0.4698088387315112,0.48280620884800424,0.09634064451804814,Treated
E13,1345.0,0.4843853658231825,0.11456204864776609,0.022105579081391026,0.4504581640810645,0.5244796403128336,0.5486656445531409,0.9529931288476047,0.47826276845517607,0.4905079631911889,0.09820748047207645,Negative Control
E14,651.0,0.4754206130325112,0.12705519883343305,0.040817414454147875,0.42621538516015856,0.5135906785018084,0.5461201458360483,0.8923899474550625,0.4656604287597427,0.48518079730527974,0.11990476067588973,Treated
E15,1400.0,0.47794208476216277,0.12398160477918452,0.02086962436242864,0.45096816071213086,0.5232814549364597,0.5461423065407082,0.8670753562600088,0.47144753113931703,0.4844366383850085,0.0951741458285773,Negative Control
E16,1512.0,0.4693117140543251,0.12643700512882267,0.0315236114252969,0.4302950226704678,0.515692298824197,0.5400516376125728,0.9067555105800208,0.4629385605938116,0.47568486751483857,0.10975661494210498,Treated
E17,1238.0,0.4780852311123619,0.12285490389826517,0.04288943594594798,0.44574414582421085,0.5238807653261821,0.5455308942571075,0.9131172603184311,0.4712415739434666,0.4849288882812572,0.0997867484328967,Neutral Control
E18,632.0,0.5591977056431472,0.0962395194051206,0.11662984912535014,0.5342125334286093,0.5567996624274383,0.5992189688015175,0.8881513249988005,0.5516944286756923,0.5667009826106021,0.06500643537290818,Stimulator Control
E19,1393.0,0.47494438292174623,0.12629275016478603,0.01951406318832845,0.4433002261083144,0.5203418697792941,0.5480450739078587,0.8957923389688821,0.46831216277200627,0.4815766030714862,0.10474484779954435,Negative Control
E20,644.0,0.5274790340265558,0.08561596934873433,0.043044437268932756,0.5192153278190706,0.544084944178254,0.5628215763734734,0.9297928419449759,0.5208665000609253,0.5340915679921864,0.04360624855440276,Treated
E21,1528.0,0.4665747326552843,0.13187427829606482,0.03272294851696024,0.42502973818625817,0.5185623582434984,0.5462745825530227,0.8162498224808821,0.45996240310499664,0.473187062205572,0.12124484436676458,Negative Control
E22,844.0,0.48821654647370183,0.13975799250175905,0.040958783503843514,0.44880162986247135,0.5327665969649447,0.5577791167577042,0.9301931122963524,0.4787876362252236,0.4976454567221801,0.10897748689523284,Treated
E23,1473.0,0.4698547908078824,0.1314316800316388,0.03546427971484265,0.430710123033665,0.522865708672582,0.5492033301477295,0.8438469161612627,0.46314274738802264,0.47656683422774215,0.11849320711406447,Negative Control
F02,108.0,0.549801067285566,0.07600491624648686,0.30307017278278264,0.5170227828171657,0.5487623923872824,0.5740769180020375,0.7749736993361449,0.5354664573930489,0.5641356771780831,0.05705413518487179,Treated
F03,1319.0,0.46924201999425674,0.13453558663881665,0.047903957891408354,0.42660532891772107,0.5202457883530686,0.5531854726594113,0.8501212295462724,0.4619814477619719,0.47650259222654157,0.12658014374169024,Negative Control
F04,1365.0,0.46109124217601716,0.13624844945741077,0.037594402904058646,0.4094385126956394,0.5141989064755981,0.54817281574347,0.8054463131502424,0.4538631894110457,0.4683192949409886,0.13873430304783058,Treated
F05,1228.0,0.48049290105457587,0.12998004898881507,0.054852645837006865,0.44575531271790114,0.529231105892715,0.5561893314605435,0.9440695864997548,0.4732229148915202,0.48776288721763156,0.11043401874264236,Negative Control
F06,1194.0,0.48426495902488803,0.12358966825018061,0.01729394011584827,0.4573890873089033,0.5293570069888873,0.5537741458741126,0.8546403080580168,0.4772546675672803,0.49127525048249576,0.09638505856520924,Treated
F07,1262.0,0.4717037803915807,0.13655192114758352,0.0194725904105518,0.4314680939672717,0.5258705043118501,0.5506451232473702,0.9347284462485465,0.464169804805992,0.47923775597716933,0.11917702928009855,Negative Control
F08,1362.0,0.48132252790953894,0.11928354665513925,0.02421751508680019,0.4521352039875743,0.5232222839158711,0.5483772238970147,0.8890644046464019,0.4749875068773566,0.4876575489417213,0.09624201990944042,Negative Control
F09,1348.0,0.4814417522061538,0.12088531361943032,0.03935190006154712,0.4485061095941673,0.5261366220570399,0.55203989404041,0.8330180443438967,0.47498841042456896,0.48789509398773867,0.10353378444624267,Negative Control
F10,1446.0,0.4669528921463983,0.13435680465387342,0.031004358323002593,0.4329459157579477,0.5169760257451564,0.5453037120202722,0.8401346607192124,0.4600277037679348,0.4738780805248618,0.11235779626232445,Negative Control
F11,1366.0,0.4691708590986141,0.13099920218361533,0.03603899265501518,0.4420145509844074,0.5176891089878375,0.5444571847350383,0.829769440123766,0.4622238259304481,0.47611789226678014,0.10244263375063095,Negative Control
F12,1433.0,0.4714467626714135,0.12298777459213253,0.032969328469996624,0.4442162178489979,0.5171043794401188,0.5414654059761875,0.8193497006820524,0.4650788819578443,0.4778146433849827,0.09724918812718963,Negative Control
F13,1272.0,0.48248789101324796,0.1170288588205739,0.04656915321224271,0.45110857177715036,0.526521464659373,0.551417714262052,0.733253671853967,0.47605649153857676,0.48891929048791916,0.10030914248490164,Negative Control
F14,1243.0,0.4764907418361199,0.13187301191912823,0.02529822448713158,0.443427135398451,0.5218015504110848,0.5506118335735215,0.8958917842825227,0.469159518795354,0.4838219648768858,0.10718469817507048,Negative Control
F15,1284.0,0.47236532208863113,0.1291192494547983,0.03368995332331754,0.4413441796327419,0.5204464438182899,0.5479110857549963,0.7835474817134168,0.4653027230266486,0.47942792115061367,0.10656690612225433,Negative Control
F16,1262.0,0.48612428307229666,0.12060383901831323,0.035226417174511596,0.46695878327217555,0.5295053317339189,0.548277844393121,0.8856459273843258,0.4794702106062622,0.4927783555383311,0.08131906112094545,Negative Control
F17,1510.0,0.45632915184034245,0.13529265133217544,0.03465498281702677,0.41028856488300597,0.512931511484632,0.5421257978349046,0.9042091747831847,0.4495051080439659,0.46315319563671903,0.1318372329518986,Negative Control
F18,1372.0,0.46817598990651904,0.12451429573463188,0.02873346588882875,0.4345498357421262,0.5156939317785441,0.5399363614977617,0.789216283824662,0.4615873126827953,0.4747646671302428,0.10538652575563551,Negative Control
F19,1236.0,0.48673776585618,0.12115920180123832,0.06183430652237662,0.4553052531584025,0.5305544203235912,0.5514655286890322,0.8679089474319555,0.4799831098053616,0.49349242190699844,0.09616027553062972,Negative Control
F20,1436.0,0.46961560323479246,0.12835301983185354,0.027361623745145502,0.4324136593881252,0.5156716935624754,0.5485020675669611,0.8137490990789159,0.4629768742077261,0.4762543322618588,0.11608840817883587,Negative Control
F21,1408.0,0.4662888042544744,0.13387925903826256,0.02270132172650422,0.42916741961289545,0.5220013057703272,0.5483541307101826,0.8190940950026943,0.459295731541106,0.4732818769678428,0.11918671109728712,Negative Control
F22,1621.0,0.4563820813543095,0.13575742609264738,0.027818987108796434,0.4113648401764422,0.5106020687449753,0.5425184824198114,0.8572979009150539,0.4497731968958977,0.46299096581272137,0.13115364224336917,Negative Control
F23,1628.0,0.4570546089589977,0.13901355045816435,0.029814312947949215,0.4160192727903916,0.5137756032540071,0.5450771158530278,0.8809228019748622,0.45030177600549876,0.4638074419124966,0.12905784306263618,Negative Control
G02,1138.0,0.49357662108060607,0.12077455272711937,0.03968404213780723,0.48349788417322115,0.5327187951747308,0.5555769857833096,0.9176424234348308,0.4865594772537443,0.5005937649074679,0.07207910161008846,Negative Control
G03,1208.0,0.48946110750181904,0.1261516857084574,0.06634948038218459,0.4642200620690649,0.5293152455914656,0.5561882180414753,0.9659640708350007,0.48234707799148363,0.49657513701215444,0.09196815597241043,Negative Control
G04,1305.0,0.4724919518496927,0.13210071855699496,0.020239347642826623,0.4343929137253408,0.5214649281122624,0.5489029193090643,0.9380499879655003,0.4653246450427876,0.47965925865659786,0.11451000558372354,Negative Control
G05,1229.0,0.4826816501461475,0.12078512197914187,0.05729137584369213,0.46184994128407886,0.5241147199777543,0.5483815268863818,0.8453110927507453,0.4759286995552503,0.4894346007370447,0.0865315856023029,Negative Control
G06,1351.0,0.4687009591978526,0.12816300110199036,0.024966787659140087,0.43451444801727884,0.5196336121067109,0.5459252495715876,0.9581533991602168,0.46186670599036367,0.4755352124053415,0.11141080155430877,Negative Control
G07,1316.0,0.484126134284546,0.12555201873869634,0.05139364799917538,0.45077471188409457,0.5261183351052969,0.5529105400628512,0.8974192297927829,0.47734266556324556,0.4909096030058464,0.10213582817875666,Negative Control
G08,1189.0,0.48955101411736607,0.12191381603906755,0.047686130696037436,0.46903847880652055,0.5326808066012868,0.5535149441612172,0.8963862891647388,0.482621256102623,0.4964807721321091,0.0844764653546966,Negative Control
G09,1272.0,0.49549274905698415,0.11092573136351341,0.06773201951281634,0.4740534316680489,0.5310745904328147,0.5523648376538411,0.9011479342778969,0.4893967510475308,0.5015887470664375,0.07831140598579223,Negative Control
G10,1277.0,0.49319704741794385,0.11863823096015388,0.036007394654547664,0.47375842115989447,0.529649626030611,0.5545383941555884,0.8898978764955353,0.4866899803210456,0.4997041145148421,0.0807799729956939,Negative Control
G11,1305.0,0.4983950794585023,0.11059851809452677,0.026813642329691804,0.49010323621958485,0.5336281973547217,0.5527595305807819,0.9760388879238476,0.4923944042144043,0.5043957547026003,0.06265629436119702,Negative Control
G12,1510.0,0.458035163213282,0.13033313632248616,0.020570293917472515,0.4146719912707026,0.5080443487326483,0.5371199747837492,0.858360957623581,0.4514612730453668,0.46460905338119723,0.12244798351304659,Negative Control
G13,1386.0,0.4819952862591874,0.11759100465563278,0.0305676854827329,0.45498548457481974,0.5255860694301102,0.5468536148852299,0.9119559121530133,0.47580446084078487,0.48818611167758996,0.09186813031041013,Negative Control
G14,1328.0,0.48872842314447623,0.11600953539686477,0.029536751166228073,0.4745926731577383,0.529443204767128,0.5492785334084387,0.8929381239534513,0.48248890975022973,0.49496793653872273,0.0746858602507004,Negative Control
G15,1217.0,0.5011364009537771,0.11363905882430904,0.03816874211768607,0.489186141399721,0.5362181478707588,0.5583732736013673,0.9099835186670436,0.4947517316107343,0.5075210702968198,0.06918713220164635,Negative Control
G16,1370.0,0.47595308836916145,0.12845995184164147,0.04919401660660686,0.4350512992187571,0.5253483333842637,0.5512492024720059,0.861770279291033,0.46915066680768547,0.4827555099306374,0.1161979032532488,Negative Control
G17,1282.0,0.4757184501198993,0.12688270042069474,0.03607064305915536,0.44018622900159976,0.5221494905063719,0.5471026804430359,0.8713772551261749,0.468772774899587,0.48266412534021164,0.10691645144143613,Negative Control
G18,277.0,0.5576879171109647,0.100925436239622,0.13284206147235791,0.5364283058427953,0.5608597419219965,0.5954175325911849,0.795165103354054,0.5458024344693784,0.569573399752551,0.05898922674838958,Treated
G19,1494.0,0.464787221473114,0.13485991783879558,0.03257995897902807,0.4217976669942499,0.5155001285695486,0.5473759242030678,0.8547538603303231,0.45794867719279747,0.47162576575343057,0.12557825720881788,Negative Control
G20,1600.0,0.47243945766519496,0.12517609033413613,0.047559594875477916,0.4343433123323909,0.5225028667964999,0.5467086811891927,0.8816228726497538,0.4663058292388223,0.4785730860915676,0.11236536885680182,Treated
G21,1484.0,0.4834323070611155,0.12680388898217718,0.0417699009506422,0.4570730697974576,0.5294601331347282,0.5565053902008644,0.8301496573606338,0.4769806437637889,0.4898839703584421,0.09943232040340683,Negative Control
G22,1475.0,0.4708814678114406,0.13377838498149308,0.021480381487178502,0.4476115663922734,0.5213018976872554,0.5467228563986442,0.7827865415473273,0.4640542146080631,0.47770872101481804,0.09911129000637076,Treated
G23,1341.0,0.4680234442179391,0.13728911418971174,0.04303228179963305,0.4226269963336071,0.5214352591495784,0.5507060842754531,0.8891439934752262,0.4606752980719181,0.47537159036396015,0.12807908794184597,Negative Control
H02,1193.0,0.4636585137424805,0.15045381009001357,0.021983803610296924,0.40968280309743094,0.5164893142053889,0.5532142508055811,0.9513237559185871,0.45512085012247283,0.4721961773624882,0.14353144770815013,Treated
H03,1289.0,0.4770395713468007,0.13312245773648407,0.03145690562129999,0.4510878725325509,0.525293365855862,0.5528000302438515,0.9291354573129834,0.4697721399677514,0.48430700272585,0.1017121577113006,Negative Control
H04,1276.0,0.4876426063436554,0.12177018508068883,0.04226891839597917,0.4588531758672303,0.53224453173277,0.5567266141046195,0.8644157183759225,0.4809611413045856,0.4943240713827252,0.09787343823738925,Neutral Control
H05,652.0,0.5433864930557887,0.11317363776847618,0.030400806005749813,0.5264542676849361,0.5547182507066994,0.5824694450655479,0.9364143776804644,0.5346993384801483,0.5520736476314291,0.05601517738061179,Stimulator Control
H06,672.0,0.44396290685083056,0.16862890398604224,0.02610292662401424,0.3519028384679288,0.5171691848784143,0.5533114138621177,0.8459184753039634,0.43121310450594424,0.4567127091957169,0.20140857539418888,Treated
H07,1379.0,0.47743709826903497,0.12299590348823018,0.02328668049963834,0.43974528039802885,0.5239769904856365,0.549758020635157,0.8868143563677429,0.47094530643468013,0.4839288901033898,0.11001274023712815,Negative Control
H08,1047.0,0.4459730415084327,0.16623946724750088,0.028298380569709715,0.3761757678375547,0.5124746621162636,0.5482398349585127,0.9267429790820545,0.43590333369830037,0.45604274931856503,0.172064067120958,Treated
H09,1283.0,0.48398853644016976,0.12209538435598241,0.03256239052117285,0.44355045753262934,0.5281892726536892,0.5523801904267573,0.9350673162346087,0.477307528474869,0.4906695444054705,0.108829732894128,Negative Control
H10,1448.0,0.48124970869981193,0.12086225279549977,0.030161613310274123,0.4563437027876557,0.5256491815215972,0.547671774744685,0.8636510617108535,0.47502437730380237,0.4874750400958215,0.0913280719570293,Treated
H11,1328.0,0.48115650839074375,0.11767013165089849,0.04423640953810574,0.45065774106843,0.5268556242472259,0.5484210596430766,0.8186959684464823,0.4748276806782041,0.48748533610328343,0.09776331857464665,Negative Control
H12,1371.0,0.46916829595341486,0.12923554670144433,0.0401997667818618,0.4303490931744906,0.5187114428181762,0.5458201160419529,0.9154560292391052,0.4623273000822449,0.47600929182458485,0.1154710228674623,Neutral Control
H13,650.0,0.5556899378971509,0.103517258054202,0.1106904003664327,0.5332895478358136,0.5552865627548564,0.5881581272121992,0.9192812864598957,0.5477317873058316,0.5636480884884703,0.05486857937638556,Stimulator Control
H14,1270.0,0.4732434628580829,0.12563173736459732,0.04779552707207223,0.44032584882540743,0.5220308501910422,0.547783871508877,0.7352689481451732,0.4663338521988393,0.48015307351732645,0.10745802268346955,Treated
H15,1411.0,0.4766549802206681,0.12754531974985345,0.02260560649965567,0.44272148562653957,0.524536076417293,0.549595373209395,0.798724202789593,0.4699998418223226,0.48331011861901363,0.10687388758285543,Negative Control
H16,1299.0,0.4860755170523887,0.12060745118507595,0.03324056845441631,0.4524259422450599,0.5249740747952639,0.5517894331858739,0.9350627972747767,0.4795166982142708,0.49263433589050665,0.09936349094081404,Treated
H17,1347.0,0.47769448555182203,0.12576303011695572,0.04003671086361514,0.44198268016804076,0.5251156625930933,0.5503374787572272,0.8503017044333134,0.4709782601009576,0.48441071100268646,0.1083547985891864,Negative Control
H18,68.0,0.5336312116257099,0.11092047014690663,0.04941764729564664,0.5357808369022621,0.5556902036899938,0.5673109065592737,0.8444318644708225,0.5072670893804341,0.5599953338709858,0.03153006965701166,Treated
H19,1444.0,0.4676723405808505,0.126365536652893,0.036946676924160204,0.42925788983509594,0.5171748976866142,0.5435247730829749,0.8533443967191155,0.4611545392166487,0.4741901419450523,0.11426688324787893,Negative Control
H20,1368.0,0.4879202425834333,0.11226052750831404,0.06352673747763822,0.46680231456960924,0.5271566049636578,0.5489869283989148,0.8157981508139175,0.4819712955623993,0.4938691896044673,0.08218461382930559,Neutral Control
H21,658.0,0.5605452114045328,0.09735527235117998,0.13927789857527703,0.5363637853953573,0.5624534196810712,0.5928256473426039,0.8669086183758129,0.5531064162313043,0.5679840065777614,0.05646186194724656,Stimulator Control
H22,1383.0,0.4808641003730603,0.12025718579966317,0.036850893569257845,0.4565663381762157,0.5260638297874137,0.5482806641338202,0.9243479440350171,0.47452604516559765,0.487202155580523,0.09171432595760443,Treated
H23,1526.0,0.4621409973191515,0.13803490346450273,0.03249188922580223,0.4206091324936017,0.5166515333954526,0.5467855536398644,0.8326303532009972,0.45521523281180015,0.4690667618265028,0.12617642114626265,Negative Control
I02,1109.0,0.48453125715160406,0.12965934444636007,0.03341292545234337,0.45223149534862017,0.5322743465588273,0.5578663254155463,0.856680827926108,0.47690003458985997,0.49216247971334814,0.10563483006692609,Treated
I03,1286.0,0.480484018311454,0.1302657610931413,0.042031009838797345,0.4444774374752081,0.5294404662719278,0.5541605899462166,0.9276727486732067,0.47336424988422277,0.4876037867386852,0.10968315247100852,Negative Control
I04,988.0,0.5137227316102716,0.11751196617003448,0.017628478465428504,0.5060350889268679,0.5450970288544252,0.5633592158645752,0.8945753441561187,0.5063951664032225,0.5210502968173207,0.057324126937707276,Treated
I05,1237.0,0.48864087487601104,0.12080441659126391,0.06668690874483238,0.464200194269329,0.5331872092369371,0.5560431192752265,0.8046541179148896,0.4819087210027061,0.495373028749316,0.09184292500589752,Negative Control
I06,1235.0,0.48551428004731606,0.12369970558344334,0.0596536067093908,0.46049852042584427,0.5282486675069109,0.550735911162217,0.9214421165189911,0.47861519881485426,0.49241336127977786,0.09023739073637271,Treated
I07,1256.0,0.48938150758713883,0.12063747714814364,0.06445044629112673,0.45985207664030725,0.5307422150209661,0.5565657145973917,0.8793386006382403,0.4827097002284876,0.4960533149457901,0.09671363795708443,Negative Control
I08,1197.0,0.5068186970433306,0.11205485238696976,0.0367803652280965,0.4877636407446229,0.5417029300841935,0.563796863890842,0.9068779852099054,0.500470656906962,0.5131667371796992,0.07603322314621913,Treated
I09,1260.0,0.479679414539731,0.122917039025422,0.04734890992464632,0.45250423740633894,0.5266137509137365,0.5515165388407889,0.8356965504893388,0.4728923357836812,0.48646649329578084,0.09901230143444995,Negative Control
I10,1424.0,0.4727910281830495,0.1251895165018886,0.04990934050180848,0.4431975982802901,0.5211352122959684,0.5440232092802245,0.8039105936800424,0.4662886977005894,0.47929335866550965,0.10082561099993442,Negative Control
I11,1297.0,0.4823726464673671,0.11989201363189761,0.06771912475422713,0.4448080403690513,0.5264959645276416,0.5499978341729596,0.9452704228060925,0.4758477092433345,0.4888975836913997,0.10518979380390825,Negative Control
I12,1377.0,0.48400521712557004,0.11975169603671611,0.03326133569721969,0.45072166517433154,0.5271312010865267,0.5485706813168594,0.8150018893072482,0.4776800679259084,0.4903303663252317,0.09784901614252783,Negative Control
I13,1343.0,0.47920805407134015,0.11903219538697841,0.038699977008926925,0.4492572847607592,0.5230439927970496,0.5463492827072676,0.8371967675820889,0.4728418213763492,0.4855742867663311,0.09709199794650836,Negative Control
I14,1291.0,0.46996601045280895,0.12592650625509408,0.059024038947245665,0.439455806303001,0.520759828674592,0.5414890239868462,0.8545404445822192,0.4630967480817204,0.4768352728238975,0.10203321768384516,Negative Control
I15,1372.0,0.48801204612844096,0.11824643841323598,0.03161922813273472,0.4627618939348378,0.5287231987125922,0.5520595038589223,0.8781913246540272,0.4817550327392302,0.4942690595176517,0.08929760992408453,Negative Control
I16,1135.0,0.5050618518759467,0.11208286163581506,0.06740793217675849,0.4904697267858354,0.5393181687738485,0.5597453569773327,0.8343424242893603,0.49854110486197883,0.5115825988899145,0.06927563019149735,Negative Control
I17,1291.0,0.4862234388047332,0.11975824886579566,0.026600424013347952,0.46061406963616525,0.5267575400818435,0.5501080361784338,0.8793593203666109,0.4796906534760051,0.49275622413346126,0.0894939665422686,Negative Control
I18,1154.0,0.49395074822561474,0.11361071920019444,0.06918190733568697,0.47042777009610864,0.5318534976131961,0.5520978231047659,0.9014750681176985,0.4873957515458205,0.500505744905409,0.0816700530086572,Negative Control
I19,1334.0,0.4800073972317207,0.1257353466827221,0.035093841591460104,0.4515542563524421,0.5252348053402507,0.5502102034994738,0.8943608173302716,0.473260011473279,0.4867547829901624,0.09865594714703169,Negative Control
I20,1238.0,0.4895421904186576,0.12711854825635668,0.04353231861502429,0.4583794785083386,0.532600088270649,0.5588203167070894,0.9490457029662718,0.48246102608194885,0.49662335475536634,0.10044083819875083,Negative Control
I21,1374.0,0.4884841794422696,0.12322608512228579,0.041030754254196694,0.47048625291397156,0.530110455172062,0.5545623566763854,0.9659005529262923,0.48196841528665446,0.4949999435978847,0.08407610376241387,Negative Control
I22,1131.0,0.48194685969571993,0.12495281894626284,0.03801130784690428,0.450354299140312,0.5257808534206074,0.5505130631153943,0.8340359752291171,0.4746645217808556,0.48922919761058425,0.10015876397508228,Negative Control
I23,1495.0,0.46439161114854566,0.13345928138613605,0.02493499974473264,0.42570723890564566,0.520818704598647,0.5460319272152432,0.7965994862954128,0.45762635480647706,0.47115686749061425,0.12032468830959753,Negative Control
J02,1236.0,0.4773786726285779,0.1317746318005909,0.04063136778003725,0.4441282945345874,0.5250467675835315,0.5537490142395118,0.9075949344545045,0.47003220367860554,0.4847251415785503,0.10962071970492443,Negative Control
J03,1369.0,0.48555887113626167,0.1265431240050387,0.019814438410554146,0.45891897590483266,0.5311303749012618,0.5575291854296456,0.9331305381379728,0.4788555056484272,0.49226223662409613,0.09861020952481292,Negative Control
J04,1399.0,0.46947057473800163,0.13018660786735056,0.052003072093272644,0.4209193105794161,0.5184573967288851,0.5516301676605898,0.8843877582676407,0.46264854630223795,0.4762926031737653,0.1307108570811737,Negative Control
J05,1362.0,0.4648523362986251,0.1306193533398734,0.029492320148387364,0.4177479480082096,0.5107577591105146,0.5464335871442011,0.8588749368328127,0.4579152827499871,0.4717893898472631,0.12868563913599151,Negative Control
J06,1200.0,0.4831240473484839,0.12406491711584106,0.04042623970603078,0.44884165492485245,0.5253971156828873,0.5519699608916795,0.906529073472026,0.4761044138456896,0.49014368085127824,0.10312830596682704,Negative Control
J07,1300.0,0.47061723511037334,0.12969978873736912,0.0258448053133337,0.4332264920471799,0.5204454256249335,0.5513045885531371,0.8533472735586061,0.4635666742806004,0.4776677959401463,0.11807809650595724,Negative Control
J08,1270.0,0.4919100573008733,0.12151102293008696,0.040948857480045765,0.4664884915380444,0.5335486416170613,0.5570602809219329,0.9743993554999885,0.4852270815109523,0.4985930330907943,0.09057178938388855,Negative Control
J09,1310.0,0.4932795594643948,0.11486014996797536,0.03657470423311668,0.47077526874534403,0.5329205577722778,0.5574181397734597,0.808345974707095,0.4870595678023745,0.49949955112641503,0.08664287102811563,Negative Control
J10,1232.0,0.4808779106903579,0.12687614132712347,0.026165386517631985,0.4506329825353627,0.5266903070349034,0.5515567833889925,0.8664639148558302,0.4737930603700973,0.48796276101061853,0.10092380085362979,Negative Control
J11,1270.0,0.47968962079103805,0.12427871716400618,0.041498170283764534,0.44690798296035184,0.5241679986738234,0.549193900335427,0.8928908510213421,0.4728544247900352,0.4865248167920409,0.1022859173750752,Negative Control
J12,1421.0,0.47206161033354643,0.12468741599281521,0.05352622421780405,0.4378927638563494,0.520299003739956,0.5459985757840424,0.9004470253271962,0.46557852620736806,0.4785446944597248,0.10810581192769303,Negative Control
J13,1417.0,0.47465406462301096,0.12478496198800647,0.03369862946629624,0.4511316635786157,0.5197246308382135,0.5450241482549226,0.7983013323729179,0.4681567574812334,0.4811513717647885,0.0938924846763069,Negative Control
J14,1330.0,0.47254896044441064,0.12387013421701207,0.04070583283534351,0.4408097054342952,0.5199307979055482,0.5439350231767163,0.8567587565650591,0.46589167989845504,0.47920624099036624,0.10312531774242106,Negative Control
J15,1204.0,0.49151303646672745,0.11537553853798864,0.0428113539698991,0.4800321898562146,0.5323368514469358,0.5518090889824511,0.8238657386248123,0.48499590369135276,0.49803016924210214,0.07177689912623647,Negative Control
J16,1230.0,0.4925499102766633,0.12065181769008392,0.013668812670685353,0.458695829739556,0.5301695559027344,0.560063234885875,0.9135905427218876,0.4858071551976971,0.49929266535562944,0.10136740514631892,Negative Control
J17,1233.0,0.48598987918286096,0.12472561577122589,0.038774797801549625,0.45217403346643187,0.5269102175273777,0.5568006676641586,0.9246558818360059,0.4790279405662854,0.49295181779943653,0.10462663419772672,Negative Control
J18,1138.0,0.46991161782609464,0.1252301854055662,0.0457523428287895,0.42884032350647394,0.5177485653725,0.5457135459809337,0.8050180493297666,0.4626355964903675,0.4771876391618218,0.11687322247445975,Negative Control
J19,1363.0,0.4741057638637122,0.12241024909053459,0.05260891811594147,0.44844587958465465,0.5210477811968957,0.5447875020590409,0.8130890721919413,0.46760707230247844,0.480604455424946,0.09634162247438627,Negative Control
J20,1257.0,0.48774817425298495,0.1240710454838817,0.04001596399338746,0.45761870054350107,0.5302302024692755,0.5549021938060799,0.8419865788638677,0.4808892047108961,0.4946071437950738,0.09728349326257879,Negative Control
J21,1279.0,0.47953631487299114,0.13230012985523212,0.030228245128824917,0.4538074204341308,0.5271004483128922,0.5532621209534399,0.9289725271577188,0.472285595954697,0.4867870337912853,0.09945470051930905,Negative Control
J22,1342.0,0.4764217917713337,0.1255529885570605,0.024837354928052623,0.4530273070251096,0.5251878692828182,0.5463315292515731,0.7982834928990005,0.46970430425237325,0.48313927929029415,0.0933042222264635,Negative Control
J23,1408.0,0.4785259884937918,0.12750402859548265,0.014599110917604305,0.4553316708275763,0.5245574703236862,0.5501494235382374,0.8428683878212327,0.4718659206862699,0.4851860563013137,0.09481775271066106,Negative Control
K02,1274.0,0.47593015070670397,0.13790164525733864,0.038795553761577936,0.42900907904422714,0.5278962843213884,0.5568053242046223,0.8616078161764708,0.46835762415152543,0.4835026772618825,0.12779624516039512,Negative Control
K03,1102.0,0.50651056880518,0.11473172400589614,0.03654904650248014,0.492578187413622,0.5399889853327053,0.5604089636603189,0.9121606047243075,0.49973651263274355,0.5132846249776164,0.06783077624669687,Negative Control
K04,1189.0,0.490010287235119,0.1325199983350575,0.01623770120451195,0.4676167577235531,0.5338480578840886,0.5574653943912055,0.9287147630874881,0.48247765844527113,0.4975429160249669,0.08984863666765236,Negative Control
K05,1360.0,0.4763915480022397,0.13084974397327853,0.024134263390315252,0.43916041484070345,0.5273318898957811,0.5533615516892596,0.8427526261397582,0.4694371507601733,0.48334594524430613,0.11420113684855615,Negative Control
K06,1367.0,0.4722384922873084,0.12524952308276777,0.02369825992011623,0.4386085510476401,0.520179848792992,0.5481652801433932,0.7567840713668124,0.46559880088325106,0.47887818369136576,0.10955672909575304,Negative Control
K07,1197.0,0.4963229132164997,0.11772825177485614,0.061715571607413394,0.4792426681772262,0.5369804742489809,0.5576931693407359,0.8890894871401176,0.4896534682836696,0.5029923581493297,0.07845050116350966,Negative Control
K08,1252.0,0.49033910502943345,0.12336548640969948,0.03276941036515431,0.46360530047008464,0.5358633898365843,0.5605900921634912,0.9100290636203483,0.48350553605445246,0.49717267400441445,0.09698479169340657,Negative Control
K09,1269.0,0.4897675856064689,0.1199077830445733,0.047809775184315124,0.46315320547237554,0.5338664403433951,0.5552172084577174,0.9248607766620353,0.48317018837680364,0.4963649828361341,0.09206400298534184,Negative Control
K10,1458.0,0.46743848611143746,0.12677150483802385,0.037459792665453566,0.42996528121729505,0.518348115764984,0.5449411399891693,0.8522877167043968,0.46093121419161925,0.47394575803125566,0.11497585877187422,Negative Control
K11,1264.0,0.48657284582975857,0.11815861890196286,0.03945741707375067,0.45546696317969043,0.5269195472076538,0.5500009294002233,0.91553913315452,0.4800588430364389,0.4930868486230782,0.09453396622053284,Negative Control
K12,1373.0,0.47486555087658144,0.1268660263713623,0.011165388259073109,0.44513418983514397,0.5226795964315077,0.5482348731593576,0.8535294506563511,0.468154876899984,0.4815762248531789,0.10310068332421363,Negative Control
K13,1301.0,0.4798450362110349,0.12307608389210882,0.04786438036155845,0.441100356087363,0.524037736747308,0.5488241829493556,0.9067942748430724,0.4731571158608268,0.486532956561243,0.10772382686199267,Negative Control
K14,1318.0,0.48919240300289146,0.11874542347610896,0.04119865056269652,0.4658508618488005,0.5272116054213215,0.5488186212948933,0.9368868236382808,0.4827815584438464,0.4956032475619365,0.08296775944609286,Negative Control
K15,1314.0,0.4849904177913203,0.12144372717067833,0.03786999443070566,0.45568358040110585,0.5251551165597963,0.5515633415376526,0.9107675337312868,0.47842392493362246,0.49155691064901813,0.09587976113654678,Negative Control
K16,1210.0,0.511753108800793,0.10883935367801416,0.04466763672493852,0.4963661498951795,0.540412309347596,0.5627292363969165,0.8876141510237889,0.5056204424089842,0.5178857751926019,0.066363086501737,Negative Control
K17,1151.0,0.49927009058465177,0.11542694316203612,0.0633572408939884,0.47540930564224826,0.5358789868929905,0.5609058993388509,0.8131808856771819,0.49260162976265454,0.505938551406649,0.08549659369660267,Negative Control
K18,1143.0,0.4945212833874259,0.11681313911820218,0.07674545358920881,0.46050843222661453,0.531177218321598,0.5558966954588744,0.8842836380710357,0.48774916329447726,0.5012934034803745,0.0953882632322599,Negative Control
K19,1331.0,0.4749177003573487,0.12616986964831514,0.04510001961093514,0.4418318007574792,0.520836198597183,0.5477617752658996,0.8971167929623898,0.4681393705206201,0.4816960301940773,0.10592997450842045,Negative Control
K20,1236.0,0.49054004470621754,0.12007424009210921,0.033379348826643694,0.46563812445441694,0.5336719041259228,0.555285391644432,0.8282333752456326,0.4838458755442571,0.49723421386817795,0.08964726719001509,Negative Control
K21,1242.0,0.49295387009875746,0.12606639939096362,0.038504200546035657,0.4655286072418058,0.5379052420649595,0.562912185318186,0.8274440058072081,0.48594263350709194,0.499965106690423,0.0973835780763802,Negative Control
K22,1425.0,0.46821401733335716,0.12760285020068413,0.027907953861266262,0.4271783242566666,0.5186600650126463,0.5454961877835842,0.8568945535613995,0.4615886644587316,0.4748393702079827,0.11831786352691764,Negative Control
K23,1393.0,0.4757198331085394,0.12829608022202713,0.04337089399152376,0.43975389652409563,0.5248718986828089,0.551392033850322,0.8755845569975271,0.46898240877285147,0.4824572574442273,0.11163813732622635,Negative Control
L02,1332.0,0.4720616354863778,0.1349939360532195,0.027729053563513656,0.4327087071420011,0.5238652422330055,0.5514780258403287,0.9172917571453058,0.4648119658024034,0.4793113051703522,0.11876931869832758,Negative Control
L03,1311.0,0.48954047714453536,0.12186855144607327,0.042015637205894844,0.4623200524380038,0.5315842541194433,0.5577093992585753,0.8911927612619683,0.48294347880812505,0.49613747548094567,0.09538934682057154,Negative Control
L04,1337.0,0.4830900465426011,0.12820431937792476,0.04169929975716929,0.4637372171364857,0.5285517943418462,0.5537972311861832,0.8889288231737857,0.47621789029611916,0.4899622027890831,0.09006001404969749,Negative Control
L05,1374.0,0.4637073138177871,0.13904356217065572,0.02484977423269198,0.4155819957745242,0.5195994777397805,0.54917773070638,0.8996347383921991,0.45635517682859744,0.4710594508069768,0.13359573493185578,Negative Control
L06,1271.0,0.48590658080732685,0.12016513700856507,0.013504689688336654,0.46359045725985437,0.5274924268205208,0.5527478398135959,0.9172904343059838,0.47930022771258146,0.49251293390207224,0.0891573825537415,Negative Control
L07,1330.0,0.4769055452578902,0.12418108741272878,0.04300896530662031,0.44991224912571093,0.5242065847442576,0.5486712202128811,0.8098157079055036,0.4702315528332107,0.48357953768256967,0.09875897108717013,Neutral Control
L08,606.0,0.5790755193318318,0.10824586297315317,0.014807516979945213,0.5432452114535726,0.5693353717754281,0.6258161769204742,0.9501181891195288,0.5704570316268917,0.5876940070367719,0.08257096546690157,Stimulator Control
L09,1343.0,0.4868813391003979,0.12943630075585402,0.03598743602469007,0.4525338901151187,0.5334088291863399,0.5586269307971466,0.9267609927684217,0.47995866068459897,0.4938040175161968,0.10609304068202796,Negative Control
L10,1245.0,0.49171271661100735,0.12604846442472803,0.029760769016171414,0.4662162026538889,0.5344263709712215,0.5581526814460844,0.8774369620469916,0.48471092864551757,0.49871450457649713,0.09193647879219552,Negative Control
L11,1340.0,0.49561091949611286,0.11942408536746629,0.025212079967797108,0.4673687631352082,0.5347987920931438,0.5591086124748642,0.9488299179883969,0.48921658139327556,0.5020052575989502,0.09173984933965601,Negative Control
L12,1357.0,0.48855920332713365,0.12051560756856089,0.010645612807229438,0.46584864295060574,0.5295580299486176,0.5522273785470686,0.9630150744485274,0.4821469681530292,0.4949714385012381,0.08637873559646286,Negative Control
L13,1404.0,0.47166181746590446,0.13556992659376002,0.031162392864112674,0.43664206317435655,0.5222422746595836,0.5487501986958914,0.9112172151543995,0.46457035386063417,0.47875328107117476,0.11210813552153481,Negative Control
L14,1190.0,0.4999000207967587,0.11693466117251249,0.03226928829630644,0.48072213173354517,0.5370730919195214,0.5588269413908395,0.8500735724647795,0.49325607849481645,0.506543963098701,0.07810480965729438,Negative Control
L15,1290.0,0.4929455632511078,0.11852252500838328,0.058402388684654354,0.463880247723672,0.5322411915192442,0.555039652271661,0.8729408024058191,0.4864776809041216,0.499413445598094,0.09115940454798899,Negative Control
L16,1270.0,0.4857500862618353,0.12869955319195908,0.052050586206368245,0.45884833632213506,0.5296590416845088,0.5556485479496066,0.9561291527088346,0.4786717490261231,0.4928284234975475,0.09680021162747154,Negative Control
L17,1486.0,0.46692078759034233,0.1289216559940689,0.02497563522303707,0.42944248638235516,0.5154415046817028,0.5430667058856395,0.826272425057679,0.46036578991486327,0.4734757852658214,0.11362421950328438,Neutral Control
L18,563.0,0.5407320092459165,0.12293512342041697,0.046220505359785766,0.5238175937205447,0.5547534409796495,0.5941566515608093,0.8552900636353444,0.5305770577004397,0.5508869607913932,0.07033905784026462,Stimulator Control
L19,1273.0,0.4868400437127206,0.12014877783397632,0.03679973907782475,0.46615048046141205,0.5285463557221483,0.5511151484087151,0.8662662537743285,0.4802397809280918,0.49344030649734943,0.08496466794730306,Negative Control
L20,1328.0,0.4763311437905448,0.12816022334769547,0.03612973601823283,0.44337476134518977,0.5243911826275045,0.5529909815593566,0.8598720165693859,0.4694381118733669,0.4832241757077227,0.10961622021416678,Negative Control
L21,1245.0,0.5057600537608095,0.11166393467722013,0.06332108224152604,0.49135456690560914,0.5371063799582393,0.5592684833149452,0.8324619554069018,0.49955730311588514,0.5119628044057337,0.06791391640933603,Negative Control
L22,1420.0,0.47579409403055456,0.12935467620333974,0.025532329671457087,0.4454898035247445,0.5216161661521472,0.5516205543120234,0.8160537124237808,0.46906596932722816,0.48252221873388096,0.1061307507872789,Negative Control
L23,1431.0,0.473412556977693,0.12946735159917072,0.038764196438213695,0.4328021125898971,0.5225432548488165,0.5508104524325115,0.7851445671331079,0.46670450346337555,0.4801206104920105,0.11800833984261438,Negative Control
M02,1285.0,0.48667539520898884,0.11979744889637799,0.03280926764492305,0.4709910530920201,0.5301997530570888,0.5514943690566337,0.9104672674931135,0.4801252326641552,0.4932255577538225,0.08050331596461363,Negative Control
M03,1153.0,0.4927933486771335,0.12906238594580124,0.04340686705316783,0.46675873126508705,0.5352252156554886,0.5628877606587516,0.9290951214712748,0.48534360882541067,0.5002430885288562,0.09612902939366452,Negative Control
M04,1337.0,0.47141421932277844,0.13368640087421382,0.029577039748321304,0.4407413090385652,0.5187566696906678,0.5505344223858818,0.8869688738174338,0.46424820620172896,0.4785802324438279,0.10979311334731662,Negative Control
M05,1316.0,0.48377945273854,0.12574127018296447,0.052840724878158246,0.45346248502150965,0.5275833915183517,0.5521719141401497,0.9606694780000135,0.4769857589227684,0.4905731465543116,0.09870942911864,Negative Control
M06,1293.0,0.4862788484252931,0.12377993396528274,0.035665246202014174,0.46018614240085126,0.5262336007644698,0.5511266373395994,0.9215584367282628,0.47953190520080463,0.4930257916497816,0.09094049493874817,Negative Control
M07,1207.0,0.48422957727533533,0.12437664982614867,0.02213392402206599,0.4519925975258124,0.5269039488514802,0.553765078530711,0.982048642893006,0.4772127418448737,0.49124641270579694,0.10177248100489861,Negative Control
M08,1277.0,0.48383604797751967,0.1236258938048766,0.06828264198318135,0.4529762701365821,0.5306307346012582,0.5518095253734568,0.8706296384878314,0.4770554176580021,0.49061667829703726,0.09883325523687475,Negative Control
M09,1213.0,0.4786945498802286,0.1275438780294407,0.04329145002229858,0.4443484945380046,0.5259087670382632,0.551327031516533,0.8852283491646399,0.4715168501092484,0.4858722496512088,0.10697853697852833,Negative Control
M10,1364.0,0.4831250339333565,0.12550072149485772,0.025901552667314663,0.44954350446452385,0.5260304595163989,0.5517338513059449,0.9105038855994128,0.4764647137327945,0.4897853541339185,0.10219034684142103,Negative Control
M11,1305.0,0.4867439092963107,0.12246640886090203,0.03553161789736787,0.45685796478497104,0.5302650225969163,0.5540478568281837,0.8437803647517237,0.480099325258963,0.49338849333365836,0.09718989204321266,Negative Control
M12,1168.0,0.4921860145784174,0.11815641041058861,0.02629475994665212,0.47244039759949996,0.5317184002206254,0.5526727496485417,0.8331566022622048,0.48540972528513165,0.4989623038717031,0.08023235204904178,Negative Control
M13,1362.0,0.47579704889299956,0.12826949674704538,0.018949814233290136,0.4388614629972085,0.5238161610080838,0.5503727556181675,0.9093939810378815,0.46898479370386387,0.48260930408213526,0.11151129262095894,Negative Control
M14,1236.0,0.48608350864295385,0.12407986724196521,0.04114231852396766,0.457598932212985,0.529587075854441,0.5533112635001463,0.9130079072311806,0.4791660247573665,0.4930009925285412,0.09571233128716128,Negative Control
M15,1294.0,0.4829924160579909,0.11647086381710013,0.030204999235816727,0.4630232691498151,0.5245857521134885,0.5485446310668485,0.8542290497816141,0.476646326018483,0.48933850609749885,0.08552136191703336,Negative Control
M16,1154.0,0.4752352435849293,0.1307767693279087,0.052560698430620764,0.4366134364831147,0.5239561397945687,0.5494582551774649,0.8752683479802771,0.4676898174598811,0.4827806697099775,0.11284481869435026,Negative Control
M17,1277.0,0.47847874176877386,0.12260601252591592,0.02287948319715026,0.4463317005222564,0.5249035031820392,0.5499156423233517,0.8320628431098135,0.4717540498753383,0.4852034336622094,0.10358394180109526,Negative Control
M18,1254.0,0.48068998545062214,0.12017876769038492,0.03653426131529724,0.45390438666950317,0.5254817103320724,0.5480905898358039,0.8026132036811086,0.4740382487561664,0.48734172214507787,0.09418620316630077,Negative Control
M19,1192.0,0.4961040844860971,0.11407753334188855,0.02390751024610921,0.4723474930001488,0.53403025366541,0.5549506890179049,0.8917211787405068,0.4896279170931392,0.5025802518790551,0.08260319601775612,Negative Control
M20,1299.0,0.4809779727633648,0.1279041155032567,0.04691831803685438,0.4420157152659089,0.5280114267015753,0.5547469113782804,0.9272450248748103,0.47402235008837557,0.487933595438354,0.11273119611237148,Negative Control
M21,1190.0,0.4712640278716891,0.13444419803044022,0.03017752369049772,0.42629726318862593,0.5216187574063604,0.5541852591366694,0.876784795647835,0.4636252363825911,0.47890281936078705,0.12788799594804345,Negative Control
M22,1519.0,0.4620648770849617,0.13459149012958796,0.02712015441581533,0.4145713896660136,0.5165490329656492,0.5476459765661406,0.9558151607365248,0.45529634041917333,0.46883341375075005,0.13307458690012697,Negative Control
M23,1433.0,0.47728115177489605,0.1247084387846831,0.05241227384907896,0.44486316988589686,0.5257566014308998,0.5521796412050984,0.9820326381640385,0.47082418103296747,0.48373812251682463,0.10731647131920158,Negative Control
N02,1289.0,0.48323796485330595,0.1298643820873637,0.023520937941174245,0.44994454049072274,0.5311255913871473,0.5578013710689709,0.861241244659488,0.4761483985889063,0.4903275311177056,0.10785683057824813,Negative Control
N03,1196.0,0.48079141149007376,0.13106531392104248,0.036715503946601113,0.45331232650273423,0.5298974998055359,0.556438014184505,0.7715486896188667,0.47336330273594235,0.4882195202442052,0.10312568768177077,Negative Control
N04,1340.0,0.4834371029448956,0.12429832952579349,0.02992911910492611,0.4420768470776564,0.5279245256398228,0.5557482371703432,0.9561933245304649,0.4767817826034402,0.49009242328635105,0.11367139009268679,Negative Control
N05,1223.0,0.4889748293519955,0.13132353703645216,0.02534906857067041,0.45568142168670744,0.5326201745092037,0.5623608638305416,0.8360904537190965,0.4816147005551902,0.4963349581488008,0.10667944214383418,Negative Control
N06,1339.0,0.4686581379760934,0.1336746522710807,0.022889054538621417,0.4181608670360272,0.5208338062480103,0.5532963917442124,0.854605039261835,0.4614981079115151,0.47581816804067173,0.13513552470818524,Negative Control
N07,1319.0,0.46816480546711076,0.13126798022558336,0.024001379435400677,0.42206654270568683,0.5169761739282224,0.5475903539698643,0.9698956475679091,0.4610805783415942,0.4752490325926273,0.1255238112641775,Negative Control
N08,1193.0,0.4983270888468908,0.11042979029238827,0.04079220675008935,0.47707832281510826,0.5358151970518753,0.5568972733920479,0.8379284067184933,0.4920606313701388,0.5045935463236428,0.0798189505769396,Negative Control
N09,1260.0,0.4809433960768945,0.12091462663713572,0.023099479946790954,0.4398902192417516,0.5278871693652684,0.5524325679542244,0.8347925017317448,0.47426688401435724,0.4876199081394318,0.11254234871247276,Negative Control
N10,1309.0,0.4764891553896973,0.12310148620885096,0.03316527433260585,0.4516985657192038,0.5230907879001175,0.5482799221789747,0.8867106578056122,0.4698203269612666,0.4831579838181281,0.0965813564597709,Negative Control
N11,1360.0,0.48214646252840276,0.12200113431010384,0.043453159612254634,0.45795023688665043,0.5242104453258637,0.5490059840959481,0.8475719376582946,0.4756623508579326,0.4886305741988729,0.09105574720929771,Negative Control
N12,1326.0,0.4831004840034272,0.11897336254555016,0.05552825339429262,0.45312388514115115,0.5258554354873781,0.552069758904733,0.9327587290639154,0.4766967387710308,0.4895042292358236,0.09894587376358183,Neutral Control
N13,531.0,0.5510926667326747,0.10729832585211588,0.042039760255459205,0.5278510341477543,0.5535713413062404,0.5853419475924123,0.9144304298924391,0.5419662193000763,0.560219114165273,0.057490913444658065,Stimulator Control
N14,1416.0,0.46217239187277265,0.12888442743011624,0.02656261595672089,0.42514406011600736,0.5131937741295127,0.5430310520947675,0.8818092269589781,0.45545926444165313,0.46888551930389216,0.11788699197876018,Negative Control
N15,1336.0,0.4731394771494198,0.12513077635810582,0.03927905334365737,0.45476249218985326,0.5220572040017115,0.5440592395122287,0.7601040233112142,0.46642956272498987,0.4798493915738497,0.08929674732237541,Negative Control
N16,1386.0,0.4752083850590864,0.12432004892394576,0.06514126919849696,0.4456440435296056,0.5222595468210288,0.5465498343537437,0.9615490911713214,0.46866329497205705,0.4817534751461158,0.10090579082413809,Negative Control
N17,1234.0,0.48797198127105057,0.11975861577325793,0.03228024405480449,0.4616822513645084,0.5281812662746392,0.5505563747522477,0.8027275392813593,0.481289999921955,0.49465396262014616,0.08887412338773931,Negative Control
N18,1255.0,0.4954076551542166,0.12121914459510248,0.045692913830492864,0.48087815158364855,0.5355286424329969,0.5588801594557631,0.8796122182099966,0.488701008535339,0.5021143017730942,0.07800200787211453,Negative Control
N19,1368.0,0.47109021829271336,0.13711849195293377,0.04811681421694521,0.4255085017921982,0.5215294615059858,0.5514141596584257,0.8654673315024852,0.46382398979426215,0.47835644679116457,0.12590565786622748,Negative Control
N20,1256.0,0.46996192789640934,0.12937230545737877,0.040471947893673345,0.42462365057893803,0.5162700174653907,0.5506866985917722,0.8152574435243715,0.46280704435639414,0.47711681143642454,0.1260630480128342,Negative Control
N21,1432.0,0.46639494138225457,0.1331390549342164,0.017642838152063665,0.43097242631108806,0.5169817457525839,0.5483583847950196,0.8823789142254642,0.4594990560343201,0.473290826730189,0.11738595848393157,Negative Control
N22,1180.0,0.48534959074388023,0.11961642910499061,0.04090643922219708,0.45427215277329885,0.5253396408747322,0.551082268934739,0.8824428633165835,0.47852453974304,0.4921746417447205,0.09681011616144014,Negative Control
N23,1311.0,0.49314049919718983,0.11814291670581746,0.04458803396854278,0.478113637417897,0.5329890794679468,0.5529863972112445,0.8511768774631946,0.48674517722348265,0.499535821170897,0.07487275979334757,Negative Control
O02,1299.0,0.47566870398451544,0.13081514254145393,0.029116739992857837,0.4409819492435691,0.5240951911480914,0.554360838306897,0.842141279886035,0.4685547751784473,0.4827826327905836,0.11337888906332788,Neutral Control
O03,613.0,0.5771451714083016,0.10452137149005282,0.13601604094886563,0.5387206358129557,0.5684517598121912,0.6305002974965367,0.9345135532336923,0.568870877679424,0.5854194651371791,0.09177966168358098,Stimulator Control
O04,1494.0,0.46530674998174437,0.13592603022040203,0.020705193679245025,0.42725692138414334,0.5171154604931489,0.5478487961730061,0.8384388815740268,0.45841414474064535,0.4721993552228434,0.12059187478886274,Negative Control
O05,1414.0,0.47288418990402703,0.13427817265612862,0.031728833955289394,0.43179062096778065,0.5207526676454298,0.5500871544791981,0.8771213483133865,0.465885177082778,0.47988320272527607,0.11829653351141745,Negative Control
O06,1402.0,0.4741771268918887,0.13085806237678127,0.02592740523950821,0.42886554704207813,0.5216236888791346,0.5508216061641492,0.9106744087173418,0.46732725341253584,0.4810270003712415,0.12195605912207108,Negative Control
O07,1330.0,0.4683729280805143,0.13472262323604853,0.02138736469321042,0.4293699311817765,0.5200089286756622,0.5497662075336381,0.8424313954452711,0.4611323910096642,0.4756134651513644,0.12039627635186162,Negative Control
O08,1436.0,0.4603699531010844,0.13922476583126542,0.03584825031654342,0.4099749907067275,0.5141771950308818,0.5470808742619999,0.8903782586426938,0.4531689110420712,0.46757099516009765,0.13710588355527242,Negative Control
O09,1330.0,0.4738536726675696,0.1304296460558771,0.05076283856409205,0.4404032754646363,0.5242214913008041,0.5496453195680657,0.8400938606679528,0.4668438575027418,0.4808634878323974,0.10924204410342941,Negative Control
O10,1314.0,0.47969658211740446,0.12617780767089692,0.0408431525463352,0.45414707510773344,0.5260960634196816,0.5512897957966509,0.9325449963584622,0.4728741163369655,0.4865190478978434,0.0971427206889175,Negative Control
O11,1378.0,0.47057590310690767,0.13031414284295867,0.024923741243847736,0.43506833071198003,0.5211993105938224,0.5485374515559516,0.905630125028327,0.4636953553382208,0.4774564508755945,0.11346912084397154,Negative Control
O12,1371.0,0.4681543687899429,0.13391045667391305,0.0267569523911345,0.4240756289861163,0.5186942429855942,0.547416253604945,0.8944841442371917,0.46106590973518274,0.475242827844703,0.12334062461882866,Negative Control
O13,1358.0,0.46161444759799847,0.13231135276009134,0.03584916965603446,0.42299686026523337,0.5120970877559043,0.5420871967530898,0.8444517796754935,0.45457719247135836,0.4686517027246386,0.11909033648785644,Negative Control
O14,1369.0,0.46669237937655866,0.13201919504004103,0.02697548665625366,0.42335091150552445,0.5157032254931582,0.5463209013753707,0.8920317149738408,0.45969893012578894,0.4736858286273284,0.12296998986984625,Negative Control
O15,1410.0,0.4651395479615773,0.1380337448624523,0.017986876179188097,0.420580945755383,0.5171032709801247,0.5485144704765585,0.9168700247288866,0.4579345844522253,0.4723445114709293,0.12793352472117553,Negative Control
O16,1446.0,0.4705053646494438,0.12903735977328062,0.01894890599600036,0.43334333511096845,0.5181580595813611,0.5479889836975086,0.8364904803207466,0.46385435782778245,0.4771563714711052,0.11464564858654014,Negative Control
O17,1570.0,0.45672109043075027,0.13827880036912885,0.014812784480359087,0.41405588927206316,0.5141456752011313,0.5410408908372948,0.8416956642181589,0.4498809999227416,0.4635611809387589,0.12698500156523163,Negative Control
O18,1291.0,0.47638273962421707,0.1274584633618694,0.028110459822621225,0.44784121642365593,0.5240057172089773,0.553030016848526,0.8510038662581199,0.4694299093402193,0.48333556990821486,0.10518880042487011,Negative Control
O19,1530.0,0.4569363936086991,0.13597763280786895,0.04320047907698395,0.4078161145498353,0.5114281443053904,0.545442051226338,0.8222255168346679,0.45012277481154045,0.4637500124058577,0.13762593667650275,Negative Control
O20,1356.0,0.47377092274777693,0.13038208413054744,0.03436797938986111,0.43410021661836995,0.5205286678862966,0.550811240279785,0.9252301981860025,0.46683116763599897,0.4807106778595549,0.11671102366141506,Negative Control
O21,1423.0,0.4624293872384151,0.13877851433083824,0.038728273371768804,0.4383683649908111,0.5174548134925551,0.5428510669707652,0.8208233852942033,0.4552187133379441,0.46964006113888607,0.10448270197995413,Negative Control
O22,1317.0,0.4777530143932141,0.13310743676367687,0.03999768119225895,0.43269910112847193,0.5291803988716871,0.5567407688258946,0.7774482564068447,0.47056406371163045,0.48494196507479775,0.1240416676974227,Neutral Control
O23,827.0,0.5535762115980332,0.11852165551210081,0.09621501431667805,0.521611782486278,0.5563956704679005,0.6017060098097137,0.9338279529672757,0.5454982641096615,0.5616541590864048,0.08009422732343563,Stimulator Control
